Model,min_price,max_price,image_url
"
Í¾îø
",11.49,15.99,https://img2.bitautoimg.com/autoalbum/files/20190314/804/0324388049_6.png
"
Í¾¹Û
",19.48,23.18,https://img1.bitautoimg.com/autoalbum/files/20181213/999/0143029995_6.jpg
"
Í¾ÔÀ
",16.58,22.38,https://img2.bitautoimg.com/autoalbum/files/20190114/700/0426047002_6.png
"
Í¾¹ÛL
",21.88,31.18,https://img4.bitautoimg.com/autoalbum/files/20190104/175/0310091757_6.png
"
Í¾°º
",29.99,50.59,https://img3.bitautoimg.com/autoalbum/files/20190102/298/0407052987_6.png
"
Í¾°ºX
",28.99,43.99,https://img1.bitautoimg.com/autoalbum/files/20190416/056/1215330566_6.jpg
"
Polo
",9.99,12.39,https://img1.bitautoimg.com/autoalbum/files/20190624/639/0943156395_6.jpg
"
Áè¶É
",14.29,19.69,https://img1.bitautoimg.com/autoalbum/files/20190102/771/0331377716_6.png
"
ÀÊÒÝ
",9.99,16.19,https://img4.bitautoimg.com/autoalbum/files/20191203/135/0340111354_6.jpg
"
É£ËþÄÉ
",8.69,11.59,https://img4.bitautoimg.com/autoalbum/files/20190102/343/0954043434_6.png
"
ÅÁÈøÌØ
",18.49,28.29,https://img1.bitautoimg.com/autoalbum/files/20190122/686/0929086865_6.png
"
»Ô°º
",34.00,63.90,https://img2.bitautoimg.com/autoalbum/files/20190102/382/0958523823_6.png
"
Í¾°²L
",15.18,19.48,https://img2.bitautoimg.com/autoalbum/files/20190102/868/0957468688_6.png
"
ÍþÈ»
",28.68,39.98,https://img2.bitautoimg.com/autoalbum/files/20200417/884/0409028847_6.jpg
"
Í¾¹ÛL ²åµç»ì¶¯
",26.58,32.58,https://img4.bitautoimg.com/autoalbum/files/20180927/073/0409530731_6.png
"
ÀÊÒÝ´¿µç
",14.89,14.89,https://img2.bitautoimg.com/autoalbum/files/20190326/692/0551096920_6.png
"
ÅÁÈøÌØ ²åµç»ì¶¯
",24.39,25.39,https://img3.bitautoimg.com/autoalbum/files/20190122/077/0932250776_6.png
"
Ì½Ó°
",11.49,15.99,https://img1.bitautoimg.com/autoalbum/files/20191028/545/1021325456_6.jpg
"
Ì½¸è
",13.58,20.38,https://img4.bitautoimg.com/autoalbum/files/20190102/642/1013046423_6.png
"
Ì½ÔÀ
",18.59,31.39,https://img2.bitautoimg.com/autoalbum/files/20191203/330/0341563309_6.jpg
"
Ì½ÔÀX
",23.58,29.58,https://img1.bitautoimg.com/autoalbum/files/20200619/889/0415468894_6.jpg
"
¸ß¶û·ò
",14.13,23.42,https://img2.bitautoimg.com/autoalbum/files/20180802/560/0312155601_6.jpg
"
±¦À´
",9.88,15.60,https://img2.bitautoimg.com/autoalbum/files/20190102/242/0319542422_6.png
"
ËÙÌÚ
",12.89,19.19,https://img2.bitautoimg.com/autoalbum/files/20190122/561/1056225614_6.png
"
ÎµÁì
",12.59,14.97,https://img3.bitautoimg.com/autoalbum/files/20181015/661/0702536610_6.png
"
ÂõÌÚ
",18.61,30.99,https://img1.bitautoimg.com/autoalbum/files/20191218/868/1119248681_6.jpg
"
Ò»Æû-´óÖÚCC
",24.68,30.18,https://img1.bitautoimg.com/autoalbum/files/20190102/268/0322402685_6.png
"
¸ß¶û·ò¡¤¼ÎÂÃ
",12.88,19.28,https://img3.bitautoimg.com/autoalbum/files/20190114/038/0417080388_6.png
"
Ì½ÔÀGTE ²åµç»ì¶¯
",24.98,25.98,https://img3.bitautoimg.com/autoalbum/files/20200414/529/0201435292_6.jpg
"
¸ß¶û·ò¡¤´¿µç
",14.77,16.88,https://img2.bitautoimg.com/autoalbum/files/20190322/261/0301332617_6.png
"
±¦À´¡¤´¿µç
",13.68,14.68,https://img4.bitautoimg.com/autoalbum/files/20190322/458/0327234589_6.png
"
ÂõÌÚGTE ²åµç»ì¶¯
",25.39,26.89,https://img2.bitautoimg.com/autoalbum/files/20200102/851/0312518518_6.jpg
"
Tiguan
",23.98,35.08,https://img1.bitautoimg.com/autoalbum/files/20180802/160/0459231608_6.png
"
Í¾Èñ
",56.98,82.18,https://img3.bitautoimg.com/autoalbum/files/20180911/623/0542406239_6.png
"
¸ß¶û·ò(½ø¿Ú)
",20.98,37.28,https://img3.bitautoimg.com/autoalbum/files/20190322/481/0305294819_6.png
"
¼×¿Ç³æ
",17.88,25.58,https://img2.bitautoimg.com/autoalbum/files/20180802/414/1155234146_6.png
"
ÎµÀ¿
",24.38,39.28,https://img2.bitautoimg.com/autoalbum/files/20181010/893/0543208937_6.png
"
ÏÄÀÊ
",24.68,34.38,https://img1.bitautoimg.com/autoalbum/files/20180802/637/1155526374_6.png
"
¿­Â·Íþ
",35.50,38.20,https://img2.bitautoimg.com/autoalbum/files/20180810/466/1203504668_6.png
"
ÂõÌØÍþ
",42.80,50.68,https://img1.bitautoimg.com/autoalbum/files/20190305/656/0517366561_6.png
"
¸ß¶û·ò ´¿µç¶¯(½ø¿Ú)
",24.08,24.08,https://img2.bitautoimg.com/autoalbum/files/20200415/621/0223256216_6.jpg
"
ÎµÀ¿ ²åµç»ì¶¯
",30.18,30.18,https://img1.bitautoimg.com/autoalbum/files/20181218/969/1159409695_6.png
